timestamp,project_name,run_id,experiment_id,duration,emissions,emissions_rate,cpu_power,gpu_power,ram_power,cpu_energy,gpu_energy,ram_energy,energy_consumed,country_name,country_iso_code,region,cloud_provider,cloud_region,os,python_version,codecarbon_version,cpu_count,cpu_model,gpu_count,gpu_model,longitude,latitude,ram_total_size,tracking_mode,on_cloud,pue
2024-12-06T19:21:31,codecarbon,fd72e806-d7d1-4cbf-a861-de6afbc8d5dd,5b0fa12a-3dd7-45bb-9766-cc326314d9f1,0.0582149000256322,6.288482329799604e-08,1.0802186943601655e-06,7.5,0.0,5.75832223892212,1.191866666583034e-07,0.0,4.28780669931396e-08,1.6206473365144298e-07,United States,USA,pennsylvania,,,Windows-10-10.0.22631-SP0,3.10.15,2.8.1,16,AMD Ryzen 7 5800U with Radeon Graphics,1,1 x NVIDIA GeForce RTX 3050 Ti Laptop GPU,-79.9109,40.4725,15.355525970458984,machine,N,1.0
2024-12-06T19:22:48,codecarbon,65aebab2-3fc9-4e3a-8757-452c2c0442d4,5b0fa12a-3dd7-45bb-9766-cc326314d9f1,0.0339729000115767,2.9784333127506574e-08,8.767085858833709e-07,7.5,0.0,5.75832223892212,6.864958328757591e-08,0.0,8.10963717522574e-09,7.675922046280166e-08,United States,USA,pennsylvania,,,Windows-10-10.0.22631-SP0,3.10.15,2.8.1,16,AMD Ryzen 7 5800U with Radeon Graphics,1,1 x NVIDIA GeForce RTX 3050 Ti Laptop GPU,-79.9109,40.4725,15.355525970458984,machine,N,1.0
2024-12-06T19:25:45,codecarbon,874eb3ea-0123-450c-9904-bc3203d6f69c,5b0fa12a-3dd7-45bb-9766-cc326314d9f1,0.0359187999856658,3.157759717378948e-08,8.79138422953751e-07,7.5,0.0,5.75832223892212,7.25116666823548e-08,0.0,8.869095907556696e-09,8.138076258991149e-08,United States,USA,pennsylvania,,,Windows-10-10.0.22631-SP0,3.10.15,2.8.1,16,AMD Ryzen 7 5800U with Radeon Graphics,1,1 x NVIDIA GeForce RTX 3050 Ti Laptop GPU,-79.9109,40.4725,15.355525970458984,machine,N,1.0
2024-12-06T19:25:49,codecarbon,4480d6dd-820c-429a-b501-11c670f7ab73,5b0fa12a-3dd7-45bb-9766-cc326314d9f1,0.0449286999646574,3.4531242797114395e-08,7.685787219367116e-07,7.5,0.0,5.75832223892212,8.027854164538438e-08,0.0,8.714260958960243e-09,8.899280260434463e-08,United States,USA,pennsylvania,,,Windows-10-10.0.22631-SP0,3.10.15,2.8.1,16,AMD Ryzen 7 5800U with Radeon Graphics,1,1 x NVIDIA GeForce RTX 3050 Ti Laptop GPU,-79.9109,40.4725,15.355525970458984,machine,N,1.0
2024-12-06T19:25:52,codecarbon,ddab7a69-13af-4181-b09c-f930f0e229a9,5b0fa12a-3dd7-45bb-9766-cc326314d9f1,0.0436265000025741,3.854909988744836e-08,8.836166065390019e-07,7.5,0.0,5.75832223892212,8.777166670673372e-08,0.0,1.1575827300795382e-08,9.93474940075291e-08,United States,USA,pennsylvania,,,Windows-10-10.0.22631-SP0,3.10.15,2.8.1,16,AMD Ryzen 7 5800U with Radeon Graphics,1,1 x NVIDIA GeForce RTX 3050 Ti Laptop GPU,-79.9109,40.4725,15.355525970458984,machine,N,1.0
2024-12-06T19:27:58,codecarbon,1752aab4-4a6f-490d-a1f1-e9c8f8e4b272,5b0fa12a-3dd7-45bb-9766-cc326314d9f1,0.0606520000146701,5.6381801900026724e-08,9.295950980411097e-07,7.5,0.0,5.75832223892212,1.2414208334424378e-07,0.0,2.1163273791226443e-08,1.4530535713547028e-07,United States,USA,pennsylvania,,,Windows-10-10.0.22631-SP0,3.10.15,2.8.1,16,AMD Ryzen 7 5800U with Radeon Graphics,1,1 x NVIDIA GeForce RTX 3050 Ti Laptop GPU,-79.9109,40.4725,15.355525970458984,machine,N,1.0
2024-12-06T19:28:01,codecarbon,4f0b6284-9f6a-410b-8285-7f41169f9a28,5b0fa12a-3dd7-45bb-9766-cc326314d9f1,0.0308154000085778,1.465042449368892e-07,4.754254200695363e-06,7.5,45.331731648190924,5.75832223892212,6.235312503122259e-08,3.07500246e-07,7.712632803908508e-09,3.775660038351311e-07,United States,USA,pennsylvania,,,Windows-10-10.0.22631-SP0,3.10.15,2.8.1,16,AMD Ryzen 7 5800U with Radeon Graphics,1,1 x NVIDIA GeForce RTX 3050 Ti Laptop GPU,-79.9109,40.4725,15.355525970458984,machine,N,1.0
2024-12-06T19:28:04,codecarbon,10aa3f6f-cd01-4f56-8597-8598d164377a,5b0fa12a-3dd7-45bb-9766-cc326314d9f1,0.0372810999979265,3.3217112542119524e-08,8.909906774201132e-07,7.5,0.0,5.75832223892212,7.572270830375297e-08,0.0,9.883360290863857e-09,8.560606859461685e-08,United States,USA,pennsylvania,,,Windows-10-10.0.22631-SP0,3.10.15,2.8.1,16,AMD Ryzen 7 5800U with Radeon Graphics,1,1 x NVIDIA GeForce RTX 3050 Ti Laptop GPU,-79.9109,40.4725,15.355525970458984,machine,N,1.0
2024-12-06T19:30:23,codecarbon,e40114b7-4f72-49f2-8489-58510cd4128c,5b0fa12a-3dd7-45bb-9766-cc326314d9f1,0.0352408000035211,3.117901388173388e-08,8.847419433900075e-07,7.5,0.0,5.75832223892212,7.132145825986906e-08,0.0,9.032088355230862e-09,8.035354661509992e-08,United States,USA,pennsylvania,,,Windows-10-10.0.22631-SP0,3.10.15,2.8.1,16,AMD Ryzen 7 5800U with Radeon Graphics,1,1 x NVIDIA GeForce RTX 3050 Ti Laptop GPU,-79.9109,40.4725,15.355525970458984,machine,N,1.0
2024-12-06T19:30:26,codecarbon,3c637413-66d7-48b9-816b-a2bbcdceac49,5b0fa12a-3dd7-45bb-9766-cc326314d9f1,0.0244826000416651,1.4036603261768134e-07,5.733297622752595e-06,7.5,51.53582629381874,5.75832223892212,4.901833344774786e-08,3.061113560000001e-07,6.6171120355793674e-09,3.617468014833272e-07,United States,USA,pennsylvania,,,Windows-10-10.0.22631-SP0,3.10.15,2.8.1,16,AMD Ryzen 7 5800U with Radeon Graphics,1,1 x NVIDIA GeForce RTX 3050 Ti Laptop GPU,-79.9109,40.4725,15.355525970458984,machine,N,1.0
2024-12-06T19:30:29,codecarbon,f059326f-f7dd-49f0-b8d9-02b2995b7481,5b0fa12a-3dd7-45bb-9766-cc326314d9f1,0.0497273000073619,1.7005139015397778e-07,3.419678730371494e-06,7.5,25.379908622096988,5.75832223892212,1.0121145836213448e-07,3.263891500000001e-07,1.0650336890028828e-08,4.3825094525216333e-07,United States,USA,pennsylvania,,,Windows-10-10.0.22631-SP0,3.10.15,2.8.1,16,AMD Ryzen 7 5800U with Radeon Graphics,1,1 x NVIDIA GeForce RTX 3050 Ti Laptop GPU,-79.9109,40.4725,15.355525970458984,machine,N,1.0
2024-12-06T19:34:19,codecarbon,9d7513a1-cbae-4682-b343-f5c43d75d774,5b0fa12a-3dd7-45bb-9766-cc326314d9f1,0.0371749000041745,1.530422083840951e-07,4.1168156031868056e-06,7.5,32.691848465607734,5.75832223892212,7.510833335497105e-08,3.094446920000002e-07,9.862406515812097e-09,3.9441543187078333e-07,United States,USA,pennsylvania,,,Windows-10-10.0.22631-SP0,3.10.15,2.8.1,16,AMD Ryzen 7 5800U with Radeon Graphics,1,1 x NVIDIA GeForce RTX 3050 Ti Laptop GPU,-79.9109,40.4725,15.355525970458984,machine,N,1.0
2024-12-06T19:34:22,codecarbon,efe3d427-9936-4b69-9ee4-8665844a7d14,5b0fa12a-3dd7-45bb-9766-cc326314d9f1,0.0249936999753117,2.173529178893341e-08,8.696308193826072e-07,7.5,0.0,5.75832223892212,4.969333337309459e-08,0.0,6.322157962827512e-09,5.6015491335922107e-08,United States,USA,pennsylvania,,,Windows-10-10.0.22631-SP0,3.10.15,2.8.1,16,AMD Ryzen 7 5800U with Radeon Graphics,1,1 x NVIDIA GeForce RTX 3050 Ti Laptop GPU,-79.9109,40.4725,15.355525970458984,machine,N,1.0
2024-12-06T19:34:26,codecarbon,2ee80aa7-5cb4-4d0e-885e-263058d3372a,5b0fa12a-3dd7-45bb-9766-cc326314d9f1,0.0404188999673351,1.6437805966653565e-07,4.066861290123655e-06,7.5,31.60594403059158,5.75832223892212,8.15427083580289e-08,3.2722248400000005e-07,1.4864628970371656e-08,4.236298213284007e-07,United States,USA,pennsylvania,,,Windows-10-10.0.22631-SP0,3.10.15,2.8.1,16,AMD Ryzen 7 5800U with Radeon Graphics,1,1 x NVIDIA GeForce RTX 3050 Ti Laptop GPU,-79.9109,40.4725,15.355525970458984,machine,N,1.0
2024-12-06T19:36:47,codecarbon,7ff10b12-c324-4f6b-8389-18d5c3fa1f3e,5b0fa12a-3dd7-45bb-9766-cc326314d9f1,0.0288498000008985,2.5580883683642626e-08,8.866918898171182e-07,7.5,0.0,5.75832223892212,5.7894166699649455e-08,0.0,8.032059746314024e-09,6.592622644596347e-08,United States,USA,pennsylvania,,,Windows-10-10.0.22631-SP0,3.10.15,2.8.1,16,AMD Ryzen 7 5800U with Radeon Graphics,1,1 x NVIDIA GeForce RTX 3050 Ti Laptop GPU,-79.9109,40.4725,15.355525970458984,machine,N,1.0
2024-12-06T19:36:50,codecarbon,fd432620-148e-4ecc-a429-f164a3aad871,5b0fa12a-3dd7-45bb-9766-cc326314d9f1,0.0246411000262014,2.1759921092645346e-08,8.830742568110804e-07,7.5,0.0,5.75832223892212,4.92895833303919e-08,0.0,6.789381850835936e-09,5.607896518122784e-08,United States,USA,pennsylvania,,,Windows-10-10.0.22631-SP0,3.10.15,2.8.1,16,AMD Ryzen 7 5800U with Radeon Graphics,1,1 x NVIDIA GeForce RTX 3050 Ti Laptop GPU,-79.9109,40.4725,15.355525970458984,machine,N,1.0
2024-12-06T19:36:53,codecarbon,a801cea1-da82-4056-a9e9-502816cc1116,5b0fa12a-3dd7-45bb-9766-cc326314d9f1,0.0383027999778278,1.582523325483424e-07,4.131612640327842e-06,7.5,33.18809035583211,5.75832223892212,7.77818750066217e-08,3.21111368e-07,8.949552426406095e-09,4.078427954330277e-07,United States,USA,pennsylvania,,,Windows-10-10.0.22631-SP0,3.10.15,2.8.1,16,AMD Ryzen 7 5800U with Radeon Graphics,1,1 x NVIDIA GeForce RTX 3050 Ti Laptop GPU,-79.9109,40.4725,15.355525970458984,machine,N,1.0
2024-12-06T19:38:59,codecarbon,916fa562-52ee-49cd-963e-cea771b64e2f,5b0fa12a-3dd7-45bb-9766-cc326314d9f1,0.0384966999990865,3.385350855300943e-08,8.793872865417736e-07,7.5,0.0,5.75832223892212,7.80581249273382e-08,0.0,9.188042893016612e-09,8.724616782035483e-08,United States,USA,pennsylvania,,,Windows-10-10.0.22631-SP0,3.10.15,2.8.1,16,AMD Ryzen 7 5800U with Radeon Graphics,1,1 x NVIDIA GeForce RTX 3050 Ti Laptop GPU,-79.9109,40.4725,15.355525970458984,machine,N,1.0
2024-12-06T19:39:03,codecarbon,a7d3847c-96e3-481a-a317-1be054a05961,5b0fa12a-3dd7-45bb-9766-cc326314d9f1,0.037594000052195,1.518752568863686e-07,4.039880211616398e-06,7.5,31.76597022663033,5.75832223892212,7.612104175980978e-08,3.06666912e-07,8.620048436455859e-09,3.914080021962656e-07,United States,USA,pennsylvania,,,Windows-10-10.0.22631-SP0,3.10.15,2.8.1,16,AMD Ryzen 7 5800U with Radeon Graphics,1,1 x NVIDIA GeForce RTX 3050 Ti Laptop GPU,-79.9109,40.4725,15.355525970458984,machine,N,1.0
2024-12-06T19:39:06,codecarbon,cc695f15-64d0-41fa-970a-272c6b0a0e22,5b0fa12a-3dd7-45bb-9766-cc326314d9f1,0.0312841999693773,1.4331880974748766e-07,4.58118826397273e-06,7.5,37.484978414295135,5.75832223892212,6.32077083234132e-08,2.9833357200000004e-07,7.815322920927844e-09,3.693566032443411e-07,United States,USA,pennsylvania,,,Windows-10-10.0.22631-SP0,3.10.15,2.8.1,16,AMD Ryzen 7 5800U with Radeon Graphics,1,1 x NVIDIA GeForce RTX 3050 Ti Laptop GPU,-79.9109,40.4725,15.355525970458984,machine,N,1.0
2024-12-06T19:40:13,codecarbon,54e401cf-e50a-4214-834f-c217f2de0f6f,5b0fa12a-3dd7-45bb-9766-cc326314d9f1,0.0419176999712362,3.6716786699974464e-08,8.759256048201436e-07,7.5,0.0,5.75832223892212,8.525812493947646e-08,0.0,9.367190756653238e-09,9.462531569612969e-08,United States,USA,pennsylvania,,,Windows-10-10.0.22631-SP0,3.10.15,2.8.1,16,AMD Ryzen 7 5800U with Radeon Graphics,1,1 x NVIDIA GeForce RTX 3050 Ti Laptop GPU,-79.9109,40.4725,15.355525970458984,machine,N,1.0
2024-12-06T19:40:16,codecarbon,daedef6f-9157-4e48-86c5-b07ad0f87c6b,5b0fa12a-3dd7-45bb-9766-cc326314d9f1,0.0287830999586731,1.5064011269405886e-07,5.233630599565317e-06,7.5,44.424225291025486,5.75832223892212,5.8063541655428733e-08,3.222224799999999e-07,7.938806858385449e-09,3.882248285138141e-07,United States,USA,pennsylvania,,,Windows-10-10.0.22631-SP0,3.10.15,2.8.1,16,AMD Ryzen 7 5800U with Radeon Graphics,1,1 x NVIDIA GeForce RTX 3050 Ti Laptop GPU,-79.9109,40.4725,15.355525970458984,machine,N,1.0
2024-12-06T19:40:19,codecarbon,5f916914-fea2-4891-be50-d7ba01ac3cd1,5b0fa12a-3dd7-45bb-9766-cc326314d9f1,0.0911008999682962,2.007914058290225e-07,2.204055128971274e-06,7.5,12.750805408319588,5.75832223892212,1.8783479160144149e-07,3.09444692e-07,2.0193636279557257e-08,5.174731198809987e-07,United States,USA,pennsylvania,,,Windows-10-10.0.22631-SP0,3.10.15,2.8.1,16,AMD Ryzen 7 5800U with Radeon Graphics,1,1 x NVIDIA GeForce RTX 3050 Ti Laptop GPU,-79.9109,40.4725,15.355525970458984,machine,N,1.0
2024-12-06T19:41:40,codecarbon,61dc339a-0607-4044-99c7-f99188142977,5b0fa12a-3dd7-45bb-9766-cc326314d9f1,0.0717932999832555,1.8599248064090977e-07,2.5906662694748534e-06,7.5,16.785590043239257,5.75832223892212,1.4762812497792765e-07,3.205558120000001e-07,1.1149871330646776e-08,4.793338083085745e-07,United States,USA,pennsylvania,,,Windows-10-10.0.22631-SP0,3.10.15,2.8.1,16,AMD Ryzen 7 5800U with Radeon Graphics,1,1 x NVIDIA GeForce RTX 3050 Ti Laptop GPU,-79.9109,40.4725,15.355525970458984,machine,N,1.0
2024-12-06T19:41:44,codecarbon,f433401a-9610-455d-91d5-2f870f90e9af,5b0fa12a-3dd7-45bb-9766-cc326314d9f1,0.0563125000335276,4.736737119307814e-08,8.411519851698349e-07,7.5,0.0,5.75832223892212,1.1536729167952822e-07,0.0,6.7063660581707005e-09,1.2207365773769893e-07,United States,USA,pennsylvania,,,Windows-10-10.0.22631-SP0,3.10.15,2.8.1,16,AMD Ryzen 7 5800U with Radeon Graphics,1,1 x NVIDIA GeForce RTX 3050 Ti Laptop GPU,-79.9109,40.4725,15.355525970458984,machine,N,1.0
2024-12-06T19:41:47,codecarbon,5a5f5dab-9330-43f6-b639-f769a48da97a,5b0fa12a-3dd7-45bb-9766-cc326314d9f1,0.0397173999808728,1.637854932399774e-07,4.123771780601281e-06,7.5,32.36568369048446,5.75832223892212,7.99233332751707e-08,3.275002620000001e-07,1.4679083015300572e-08,4.221026782904714e-07,United States,USA,pennsylvania,,,Windows-10-10.0.22631-SP0,3.10.15,2.8.1,16,AMD Ryzen 7 5800U with Radeon Graphics,1,1 x NVIDIA GeForce RTX 3050 Ti Laptop GPU,-79.9109,40.4725,15.355525970458984,machine,N,1.0
2024-12-06T19:44:22,codecarbon,bd9da331-e423-432e-a267-c5b839031514,5b0fa12a-3dd7-45bb-9766-cc326314d9f1,0.038254200015217,3.3440866589464295e-08,8.74175033752161e-07,7.5,0.0,5.75832223892212,7.735729171448234e-08,0.0,8.8254285773894e-09,8.618272029187171e-08,United States,USA,pennsylvania,,,Windows-10-10.0.22631-SP0,3.10.15,2.8.1,16,AMD Ryzen 7 5800U with Radeon Graphics,1,1 x NVIDIA GeForce RTX 3050 Ti Laptop GPU,-79.9109,40.4725,15.355525970458984,machine,N,1.0
2024-12-06T19:44:26,codecarbon,c3700af3-1015-48ca-8862-3a0cc357ac2b,5b0fa12a-3dd7-45bb-9766-cc326314d9f1,0.023700000019744,2.090997377211409e-08,8.822773736157965e-07,7.5,0.0,5.75832223892212,4.74247916523988e-08,0.0,6.4637167716094515e-09,5.388850842400825e-08,United States,USA,pennsylvania,,,Windows-10-10.0.22631-SP0,3.10.15,2.8.1,16,AMD Ryzen 7 5800U with Radeon Graphics,1,1 x NVIDIA GeForce RTX 3050 Ti Laptop GPU,-79.9109,40.4725,15.355525970458984,machine,N,1.0
2024-12-06T19:44:29,codecarbon,b417a3e1-6a4d-448e-b314-c2b7628c9ef4,5b0fa12a-3dd7-45bb-9766-cc326314d9f1,0.064056699979119,1.8281318891138369e-07,2.853927676120945e-06,7.5,19.64875320002557,5.75832223892212,1.3088312492376036e-07,3.300002639999999e-07,1.0256851520208366e-08,4.711402404439686e-07,United States,USA,pennsylvania,,,Windows-10-10.0.22631-SP0,3.10.15,2.8.1,16,AMD Ryzen 7 5800U with Radeon Graphics,1,1 x NVIDIA GeForce RTX 3050 Ti Laptop GPU,-79.9109,40.4725,15.355525970458984,machine,N,1.0
2024-12-06T19:47:10,codecarbon,fea4221a-4138-4285-bf43-d346c13bb31e,5b0fa12a-3dd7-45bb-9766-cc326314d9f1,0.0257101000170223,2.2744860718898013e-08,8.846663647297722e-07,7.5,0.0,5.75832223892212,5.13568750951284e-08,0.0,7.260444649568113e-09,5.8617319744696564e-08,United States,USA,pennsylvania,,,Windows-10-10.0.22631-SP0,3.10.15,2.8.1,16,AMD Ryzen 7 5800U with Radeon Graphics,1,1 x NVIDIA GeForce RTX 3050 Ti Laptop GPU,-79.9109,40.4725,15.355525970458984,machine,N,1.0
2024-12-06T19:47:13,codecarbon,d899206f-acd6-49ed-868a-6964be0ba4c1,5b0fa12a-3dd7-45bb-9766-cc326314d9f1,0.0286081999656744,2.4807999659093243e-08,8.671639491075682e-07,7.5,0.0,5.75832223892212,5.7572708343892976e-08,0.0,6.361666379938944e-09,6.393437472383191e-08,United States,USA,pennsylvania,,,Windows-10-10.0.22631-SP0,3.10.15,2.8.1,16,AMD Ryzen 7 5800U with Radeon Graphics,1,1 x NVIDIA GeForce RTX 3050 Ti Laptop GPU,-79.9109,40.4725,15.355525970458984,machine,N,1.0
2024-12-06T19:47:17,codecarbon,e3ee7f8a-16c9-4737-ac2e-2b6e6c4f7e87,5b0fa12a-3dd7-45bb-9766-cc326314d9f1,0.0393643999705091,3.490997320634539e-08,8.868412380856594e-07,7.5,0.0,5.75832223892212,7.95849999121856e-08,0.0,1.0383854459162744e-08,8.996885437134835e-08,United States,USA,pennsylvania,,,Windows-10-10.0.22631-SP0,3.10.15,2.8.1,16,AMD Ryzen 7 5800U with Radeon Graphics,1,1 x NVIDIA GeForce RTX 3050 Ti Laptop GPU,-79.9109,40.4725,15.355525970458984,machine,N,1.0
2024-12-06T19:49:09,codecarbon,d373fa82-13ac-4c66-ad44-2aeb2e0354f9,5b0fa12a-3dd7-45bb-9766-cc326314d9f1,0.0287323999800719,2.48632481321144e-08,8.653383688574194e-07,7.5,0.0,5.75832223892212,5.7290416589239614e-08,0.0,6.786342713179632e-09,6.407675930241924e-08,United States,USA,pennsylvania,,,Windows-10-10.0.22631-SP0,3.10.15,2.8.1,16,AMD Ryzen 7 5800U with Radeon Graphics,1,1 x NVIDIA GeForce RTX 3050 Ti Laptop GPU,-79.9109,40.4725,15.355525970458984,machine,N,1.0
2024-12-06T19:49:12,codecarbon,0e50a420-ed36-4ad0-816e-f77f24f4dde9,5b0fa12a-3dd7-45bb-9766-cc326314d9f1,0.0370695000165142,3.196382971369974e-08,8.622676243127118e-07,7.5,0.0,5.75832223892212,7.491208331581827e-08,0.0,7.464065289753271e-09,8.237614860557153e-08,United States,USA,pennsylvania,,,Windows-10-10.0.22631-SP0,3.10.15,2.8.1,16,AMD Ryzen 7 5800U with Radeon Graphics,1,1 x NVIDIA GeForce RTX 3050 Ti Laptop GPU,-79.9109,40.4725,15.355525970458984,machine,N,1.0
2024-12-06T19:49:16,codecarbon,d8142a6e-7d8d-4c93-a667-286b4dd022f0,5b0fa12a-3dd7-45bb-9766-cc326314d9f1,0.0418198999832384,3.6554835982971726e-08,8.741014683828281e-07,7.5,0.0,5.75832223892212,8.335062496674557e-08,0.0,1.0857316577097266e-08,9.420794154384285e-08,United States,USA,pennsylvania,,,Windows-10-10.0.22631-SP0,3.10.15,2.8.1,16,AMD Ryzen 7 5800U with Radeon Graphics,1,1 x NVIDIA GeForce RTX 3050 Ti Laptop GPU,-79.9109,40.4725,15.355525970458984,machine,N,1.0
2024-12-06T19:50:05,codecarbon,83ccd4ce-6ff2-4556-b719-020e611286f1,5b0fa12a-3dd7-45bb-9766-cc326314d9f1,0.0309139000019058,2.7575484070291614e-08,8.920092278422188e-07,7.5,0.0,5.75832223892212,6.182645835603277e-08,0.0,9.240187724593733e-09,7.10666460806265e-08,United States,USA,pennsylvania,,,Windows-10-10.0.22631-SP0,3.10.15,2.8.1,16,AMD Ryzen 7 5800U with Radeon Graphics,1,1 x NVIDIA GeForce RTX 3050 Ti Laptop GPU,-79.9109,40.4725,15.355525970458984,machine,N,1.0
2024-12-06T19:50:08,codecarbon,3cff5a7d-a6bc-4078-9092-f6d64d1c8f1b,5b0fa12a-3dd7-45bb-9766-cc326314d9f1,0.0266538999858312,1.4059384432517853e-07,5.274794472850723e-06,7.5,49.442281984064806,5.75832223892212,5.3336041673901496e-08,3.02500242e-07,6.4976267772487445e-09,3.623339104511502e-07,United States,USA,pennsylvania,,,Windows-10-10.0.22631-SP0,3.10.15,2.8.1,16,AMD Ryzen 7 5800U with Radeon Graphics,1,1 x NVIDIA GeForce RTX 3050 Ti Laptop GPU,-79.9109,40.4725,15.355525970458984,machine,N,1.0
2024-12-06T19:50:11,codecarbon,6aad9ed1-2418-4743-9857-cd5aa8b5a48d,5b0fa12a-3dd7-45bb-9766-cc326314d9f1,0.2016918000299483,4.24203140092513e-07,2.103224523899955e-06,7.5,11.987452178692248,5.75832223892212,4.1821645839566673e-07,6.6250053e-07,1.252563053349698e-08,1.0932426189291638e-06,United States,USA,pennsylvania,,,Windows-10-10.0.22631-SP0,3.10.15,2.8.1,16,AMD Ryzen 7 5800U with Radeon Graphics,1,1 x NVIDIA GeForce RTX 3050 Ti Laptop GPU,-79.9109,40.4725,15.355525970458984,machine,N,1.0
2024-12-06T19:51:36,codecarbon,9f294a86-a0a7-4a27-a54d-4c263b71fa80,5b0fa12a-3dd7-45bb-9766-cc326314d9f1,0.0245503000332973,2.1759676356990106e-08,8.863303636809985e-07,7.5,0.0,5.75832223892212,4.905750004885097e-08,0.0,7.020834407558037e-09,5.6078334456409014e-08,United States,USA,pennsylvania,,,Windows-10-10.0.22631-SP0,3.10.15,2.8.1,16,AMD Ryzen 7 5800U with Radeon Graphics,1,1 x NVIDIA GeForce RTX 3050 Ti Laptop GPU,-79.9109,40.4725,15.355525970458984,machine,N,1.0
2024-12-06T19:51:40,codecarbon,8df98b12-2e9e-4e1e-86f5-9a7d14ec4c99,5b0fa12a-3dd7-45bb-9766-cc326314d9f1,0.0262340999906882,2.3122824698388093e-08,8.814033912577708e-07,7.5,0.0,5.75832223892212,5.274875002214685e-08,0.0,6.8426462716023505e-09,5.95913962937492e-08,United States,USA,pennsylvania,,,Windows-10-10.0.22631-SP0,3.10.15,2.8.1,16,AMD Ryzen 7 5800U with Radeon Graphics,1,1 x NVIDIA GeForce RTX 3050 Ti Laptop GPU,-79.9109,40.4725,15.355525970458984,machine,N,1.0
2024-12-06T19:51:43,codecarbon,3cd05dcf-2c9b-430e-9baf-5ea8cf45d5eb,5b0fa12a-3dd7-45bb-9766-cc326314d9f1,0.0418512999895028,3.6741439023850736e-08,8.779043669627038e-07,7.5,0.0,5.75832223892212,8.506333336602742e-08,0.0,9.625515502231349e-09,9.468884886825877e-08,United States,USA,pennsylvania,,,Windows-10-10.0.22631-SP0,3.10.15,2.8.1,16,AMD Ryzen 7 5800U with Radeon Graphics,1,1 x NVIDIA GeForce RTX 3050 Ti Laptop GPU,-79.9109,40.4725,15.355525970458984,machine,N,1.0
2024-12-06T19:51:46,codecarbon,aec1dfca-2fcd-4c60-b7b4-7043022297db,5b0fa12a-3dd7-45bb-9766-cc326314d9f1,0.0320928000146523,1.557967673602657e-07,4.854570722689669e-06,7.5,39.87370346774669,5.75832223892212,6.492854166329685e-08,3.28611374e-07,7.974476550983388e-09,4.015143922142802e-07,United States,USA,pennsylvania,,,Windows-10-10.0.22631-SP0,3.10.15,2.8.1,16,AMD Ryzen 7 5800U with Radeon Graphics,1,1 x NVIDIA GeForce RTX 3050 Ti Laptop GPU,-79.9109,40.4725,15.355525970458984,machine,N,1.0
2024-12-06T19:51:49,codecarbon,10f46480-0da9-4c58-b53e-c678379e0d16,5b0fa12a-3dd7-45bb-9766-cc326314d9f1,0.0633535999804735,5.414573040253667e-08,8.54659094656423e-07,7.5,0.0,5.75832223892212,1.2922083333251066e-07,0.0,1.0321792627759526e-08,1.395426259602702e-07,United States,USA,pennsylvania,,,Windows-10-10.0.22631-SP0,3.10.15,2.8.1,16,AMD Ryzen 7 5800U with Radeon Graphics,1,1 x NVIDIA GeForce RTX 3050 Ti Laptop GPU,-79.9109,40.4725,15.355525970458984,machine,N,1.0
2024-12-06T19:51:52,codecarbon,258096d9-189a-45ac-a451-16347586561c,5b0fa12a-3dd7-45bb-9766-cc326314d9f1,0.036869800009299,3.1655979367452546e-08,8.585883123713303e-07,7.5,0.0,5.75832223892212,7.475291664983766e-08,0.0,6.829849995628306e-09,8.158276664546598e-08,United States,USA,pennsylvania,,,Windows-10-10.0.22631-SP0,3.10.15,2.8.1,16,AMD Ryzen 7 5800U with Radeon Graphics,1,1 x NVIDIA GeForce RTX 3050 Ti Laptop GPU,-79.9109,40.4725,15.355525970458984,machine,N,1.0
2024-12-06T19:53:33,codecarbon,b7346c5f-97c1-4973-92f5-c04d391a2bc5,5b0fa12a-3dd7-45bb-9766-cc326314d9f1,0.0610570000135339,1.790646376007447e-07,2.932745427404769e-06,7.5,20.24822447852012,5.75832223892212,1.2517937502707358e-07,3.26944706e-07,9.355514162973622e-09,4.614795951900472e-07,United States,USA,pennsylvania,,,Windows-10-10.0.22631-SP0,3.10.15,2.8.1,16,AMD Ryzen 7 5800U with Radeon Graphics,1,1 x NVIDIA GeForce RTX 3050 Ti Laptop GPU,-79.9109,40.4725,15.355525970458984,machine,N,1.0
2024-12-06T19:53:36,codecarbon,c5a25b91-59ee-4d59-b4b0-14e88fed49ab,5b0fa12a-3dd7-45bb-9766-cc326314d9f1,0.027529000013601,2.3661957451558723e-08,8.595284042234819e-07,7.5,0.0,5.75832223892212,5.428854165074882e-08,0.0,6.692290145288739e-09,6.098083179603754e-08,United States,USA,pennsylvania,,,Windows-10-10.0.22631-SP0,3.10.15,2.8.1,16,AMD Ryzen 7 5800U with Radeon Graphics,1,1 x NVIDIA GeForce RTX 3050 Ti Laptop GPU,-79.9109,40.4725,15.355525970458984,machine,N,1.0
2024-12-06T19:53:39,codecarbon,1f821dce-a892-4690-aea8-fe32e37cd3a6,5b0fa12a-3dd7-45bb-9766-cc326314d9f1,0.0281996999983675,2.465422707035212e-08,8.742726721127992e-07,7.5,0.0,5.75832223892212,5.647437501465901e-08,0.0,7.063701964657883e-09,6.35380769793169e-08,United States,USA,pennsylvania,,,Windows-10-10.0.22631-SP0,3.10.15,2.8.1,16,AMD Ryzen 7 5800U with Radeon Graphics,1,1 x NVIDIA GeForce RTX 3050 Ti Laptop GPU,-79.9109,40.4725,15.355525970458984,machine,N,1.0
2024-12-06T19:53:42,codecarbon,94bfd6da-2212-4f7a-8a16-62e885c84684,5b0fa12a-3dd7-45bb-9766-cc326314d9f1,0.0594024999882094,5.066025859097674e-08,8.528304128787859e-07,7.5,0.0,5.75832223892212,1.202714583390237e-07,0.0,1.0288522347469063e-08,1.3055998068649276e-07,United States,USA,pennsylvania,,,Windows-10-10.0.22631-SP0,3.10.15,2.8.1,16,AMD Ryzen 7 5800U with Radeon Graphics,1,1 x NVIDIA GeForce RTX 3050 Ti Laptop GPU,-79.9109,40.4725,15.355525970458984,machine,N,1.0
2024-12-06T19:53:45,codecarbon,100b7ebf-fd0a-47e6-bb29-43d9bbd44b8e,5b0fa12a-3dd7-45bb-9766-cc326314d9f1,0.0395359999965876,1.5315858832461708e-07,3.873901971313138e-06,7.5,31.08842501910009,5.75832223892212,7.875083332085828e-08,3.10278026e-07,5.6865031702862715e-09,3.947153624911445e-07,United States,USA,pennsylvania,,,Windows-10-10.0.22631-SP0,3.10.15,2.8.1,16,AMD Ryzen 7 5800U with Radeon Graphics,1,1 x NVIDIA GeForce RTX 3050 Ti Laptop GPU,-79.9109,40.4725,15.355525970458984,machine,N,1.0
2024-12-06T19:53:49,codecarbon,a98f76c2-fd40-4843-b9ca-a45ad252087b,5b0fa12a-3dd7-45bb-9766-cc326314d9f1,0.029220999975223,1.446068742520538e-07,4.948731199297355e-06,7.5,43.40131642747191,5.75832223892212,5.915229157835712e-08,3.07778024e-07,5.745845866365294e-09,3.7267616144472244e-07,United States,USA,pennsylvania,,,Windows-10-10.0.22631-SP0,3.10.15,2.8.1,16,AMD Ryzen 7 5800U with Radeon Graphics,1,1 x NVIDIA GeForce RTX 3050 Ti Laptop GPU,-79.9109,40.4725,15.355525970458984,machine,N,1.0
2024-12-06T20:00:49,codecarbon,9be26401-d965-4464-a795-6996eeb9b2e7,5b0fa12a-3dd7-45bb-9766-cc326314d9f1,0.0355172000126913,1.5208542633631068e-07,4.282021845245857e-06,7.5,34.055622992613294,5.75832223892212,7.19974999810802e-08,3.111113600000001e-07,8.840784127179282e-09,3.919496441082596e-07,United States,USA,pennsylvania,,,Windows-10-10.0.22631-SP0,3.10.15,2.8.1,16,AMD Ryzen 7 5800U with Radeon Graphics,1,1 x NVIDIA GeForce RTX 3050 Ti Laptop GPU,-79.9109,40.4725,15.355525970458984,machine,N,1.0
2024-12-06T20:00:52,codecarbon,f607165a-4442-4cb3-bb96-b79fb8e2dcee,5b0fa12a-3dd7-45bb-9766-cc326314d9f1,0.0272885999875143,2.4014714497417493e-08,8.800273560536351e-07,7.5,0.0,5.75832223892212,5.5051458305873287e-08,0.0,6.838487544756749e-09,6.188994585063002e-08,United States,USA,pennsylvania,,,Windows-10-10.0.22631-SP0,3.10.15,2.8.1,16,AMD Ryzen 7 5800U with Radeon Graphics,1,1 x NVIDIA GeForce RTX 3050 Ti Laptop GPU,-79.9109,40.4725,15.355525970458984,machine,N,1.0
2024-12-06T20:00:55,codecarbon,377adc12-9b49-430a-9e3e-b07760881d7c,5b0fa12a-3dd7-45bb-9766-cc326314d9f1,0.0298013999708928,1.4473648325711122e-07,4.856700805951268e-06,7.5,45.78781058564108,5.75832223892212,5.96133333601756e-08,3.06389134e-07,7.007718222357013e-09,3.730101855825326e-07,United States,USA,pennsylvania,,,Windows-10-10.0.22631-SP0,3.10.15,2.8.1,16,AMD Ryzen 7 5800U with Radeon Graphics,1,1 x NVIDIA GeForce RTX 3050 Ti Laptop GPU,-79.9109,40.4725,15.355525970458984,machine,N,1.0
2024-12-06T20:00:58,codecarbon,b4915df6-add2-4e9b-8c46-3c2aa6ed8d38,5b0fa12a-3dd7-45bb-9766-cc326314d9f1,0.0303581000189296,1.533744154556834e-07,5.052174390361956e-06,7.5,42.38779323108791,5.75832223892212,6.068250004318542e-08,3.25278038e-07,9.311047152844011e-09,3.952715851960294e-07,United States,USA,pennsylvania,,,Windows-10-10.0.22631-SP0,3.10.15,2.8.1,16,AMD Ryzen 7 5800U with Radeon Graphics,1,1 x NVIDIA GeForce RTX 3050 Ti Laptop GPU,-79.9109,40.4725,15.355525970458984,machine,N,1.0
2024-12-06T20:01:02,codecarbon,f506ad69-50a2-490c-a775-94d8b641d1d8,5b0fa12a-3dd7-45bb-9766-cc326314d9f1,0.0304378999862819,2.607159304067317e-08,8.565503222109062e-07,7.5,0.0,5.75832223892212,6.139687490455495e-08,0.0,5.793991832605169e-09,6.719086673716012e-08,United States,USA,pennsylvania,,,Windows-10-10.0.22631-SP0,3.10.15,2.8.1,16,AMD Ryzen 7 5800U with Radeon Graphics,1,1 x NVIDIA GeForce RTX 3050 Ti Laptop GPU,-79.9109,40.4725,15.355525970458984,machine,N,1.0
2024-12-06T20:01:05,codecarbon,25972c0a-603c-42bb-b106-5b90ae7ffe7f,5b0fa12a-3dd7-45bb-9766-cc326314d9f1,0.0303049000212922,1.4906734718748953e-07,4.91891895643129e-06,7.5,42.794924150081975,5.75832223892212,5.954541666142177e-08,3.191669219999999e-07,5.4592094335149025e-09,3.841715480949366e-07,United States,USA,pennsylvania,,,Windows-10-10.0.22631-SP0,3.10.15,2.8.1,16,AMD Ryzen 7 5800U with Radeon Graphics,1,1 x NVIDIA GeForce RTX 3050 Ti Laptop GPU,-79.9109,40.4725,15.355525970458984,machine,N,1.0
2024-12-06T20:10:17,codecarbon,d1f22802-7fc6-41b7-8bc2-7f3ce9410ccb,5b0fa12a-3dd7-45bb-9766-cc326314d9f1,0.0291052000247873,2.5288723790660708e-08,8.688730456799355e-07,7.5,0.0,5.75832223892212,5.8285208312251293e-08,0.0,6.8880731025180324e-09,6.517328141476932e-08,United States,USA,pennsylvania,,,Windows-10-10.0.22631-SP0,3.10.15,2.8.1,16,AMD Ryzen 7 5800U with Radeon Graphics,1,1 x NVIDIA GeForce RTX 3050 Ti Laptop GPU,-79.9109,40.4725,15.355525970458984,machine,N,1.0
2024-12-06T20:10:21,codecarbon,ab5dd1f6-c66f-4eb8-bab8-987f0eb8e000,5b0fa12a-3dd7-45bb-9766-cc326314d9f1,0.0378040999639779,3.2853980267596413e-08,8.690586549845571e-07,7.5,0.0,5.75832223892212,7.651083324162756e-08,0.0,8.159382594495381e-09,8.467021583612295e-08,United States,USA,pennsylvania,,,Windows-10-10.0.22631-SP0,3.10.15,2.8.1,16,AMD Ryzen 7 5800U with Radeon Graphics,1,1 x NVIDIA GeForce RTX 3050 Ti Laptop GPU,-79.9109,40.4725,15.355525970458984,machine,N,1.0
2024-12-06T20:10:24,codecarbon,f02b5bc7-2a58-4141-8121-df9b45dd642a,5b0fa12a-3dd7-45bb-9766-cc326314d9f1,0.0369665999896824,3.275717605789647e-08,8.861289939307148e-07,7.5,0.0,5.75832223892212,7.511416673272226e-08,0.0,9.3065684236663e-09,8.442073515638858e-08,United States,USA,pennsylvania,,,Windows-10-10.0.22631-SP0,3.10.15,2.8.1,16,AMD Ryzen 7 5800U with Radeon Graphics,1,1 x NVIDIA GeForce RTX 3050 Ti Laptop GPU,-79.9109,40.4725,15.355525970458984,machine,N,1.0
2024-12-06T20:10:27,codecarbon,e68a1596-3414-46e0-bb1d-1b13c42390b6,5b0fa12a-3dd7-45bb-9766-cc326314d9f1,0.0373103999882005,3.219804234983478e-08,8.629776780741421e-07,7.5,0.0,5.75832223892212,7.502479165850674e-08,0.0,7.954962181242777e-09,8.29797538397495e-08,United States,USA,pennsylvania,,,Windows-10-10.0.22631-SP0,3.10.15,2.8.1,16,AMD Ryzen 7 5800U with Radeon Graphics,1,1 x NVIDIA GeForce RTX 3050 Ti Laptop GPU,-79.9109,40.4725,15.355525970458984,machine,N,1.0
2024-12-06T20:10:30,codecarbon,2029188a-9c07-46be-afb9-37a6924529db,5b0fa12a-3dd7-45bb-9766-cc326314d9f1,0.1890265999827534,4.055476252134461e-07,2.1454526783555744e-06,7.5,12.581801186802576,5.75832223892212,3.898643750289921e-07,6.452782939999998e-07,1.0021560052762512e-08,1.0451642290817545e-06,United States,USA,pennsylvania,,,Windows-10-10.0.22631-SP0,3.10.15,2.8.1,16,AMD Ryzen 7 5800U with Radeon Graphics,1,1 x NVIDIA GeForce RTX 3050 Ti Laptop GPU,-79.9109,40.4725,15.355525970458984,machine,N,1.0
2024-12-06T20:10:33,codecarbon,1103f287-cf3d-4203-b1b8-fc41a706f80e,5b0fa12a-3dd7-45bb-9766-cc326314d9f1,0.0344168000156059,1.481520680061963e-07,4.3046438930701895e-06,7.5,34.99473583393153,5.75832223892212,6.935083341280308e-08,3.058335780000001e-07,6.628308765418516e-09,3.818127201782217e-07,United States,USA,pennsylvania,,,Windows-10-10.0.22631-SP0,3.10.15,2.8.1,16,AMD Ryzen 7 5800U with Radeon Graphics,1,1 x NVIDIA GeForce RTX 3050 Ti Laptop GPU,-79.9109,40.4725,15.355525970458984,machine,N,1.0
2024-12-06T20:11:31,codecarbon,4eea7ba4-aa31-4123-8812-1a8d4a189a92,5b0fa12a-3dd7-45bb-9766-cc326314d9f1,0.0370524000027217,3.3342262390232935e-08,8.998678192987164e-07,7.5,0.0,5.75832223892212,7.493708326364868e-08,0.0,1.0991517473658682e-08,8.592860073730735e-08,United States,USA,pennsylvania,,,Windows-10-10.0.22631-SP0,3.10.15,2.8.1,16,AMD Ryzen 7 5800U with Radeon Graphics,1,1 x NVIDIA GeForce RTX 3050 Ti Laptop GPU,-79.9109,40.4725,15.355525970458984,machine,N,1.0
2024-12-06T20:11:35,codecarbon,89652ef6-f651-46ad-bc71-8dd884abcbe6,5b0fa12a-3dd7-45bb-9766-cc326314d9f1,0.0253280000179074,2.237613600266876e-08,8.834545162211118e-07,7.5,0.0,5.75832223892212,5.0714999936947934e-08,0.0,6.952054389283124e-09,5.7667054326231054e-08,United States,USA,pennsylvania,,,Windows-10-10.0.22631-SP0,3.10.15,2.8.1,16,AMD Ryzen 7 5800U with Radeon Graphics,1,1 x NVIDIA GeForce RTX 3050 Ti Laptop GPU,-79.9109,40.4725,15.355525970458984,machine,N,1.0
2024-12-06T20:11:38,codecarbon,3946888a-cbab-484c-bc7f-3a3e7a7de414,5b0fa12a-3dd7-45bb-9766-cc326314d9f1,0.0293469000025652,2.554775243051112e-08,8.705434791503693e-07,7.5,0.0,5.75832223892212,5.874770831724162e-08,0.0,7.093133334224595e-09,6.584084165146621e-08,United States,USA,pennsylvania,,,Windows-10-10.0.22631-SP0,3.10.15,2.8.1,16,AMD Ryzen 7 5800U with Radeon Graphics,1,1 x NVIDIA GeForce RTX 3050 Ti Laptop GPU,-79.9109,40.4725,15.355525970458984,machine,N,1.0
2024-12-06T20:11:41,codecarbon,10401c95-39d3-4b38-b3bb-e382743a82ff,5b0fa12a-3dd7-45bb-9766-cc326314d9f1,0.0289428000105544,2.5203069345727733e-08,8.707889124941952e-07,7.5,0.0,5.75832223892212,5.7374583411728977e-08,0.0,7.577952136611753e-09,6.495253554834072e-08,United States,USA,pennsylvania,,,Windows-10-10.0.22631-SP0,3.10.15,2.8.1,16,AMD Ryzen 7 5800U with Radeon Graphics,1,1 x NVIDIA GeForce RTX 3050 Ti Laptop GPU,-79.9109,40.4725,15.355525970458984,machine,N,1.0
2024-12-06T20:11:44,codecarbon,4c094438-7833-446b-928b-9d864e81973d,5b0fa12a-3dd7-45bb-9766-cc326314d9f1,0.0419845000142231,3.4247154491334926e-08,8.15709475633459e-07,7.5,0.0,5.75832223892212,8.169729165577639e-08,0.0,6.563367750972485e-09,8.826065940674889e-08,United States,USA,pennsylvania,,,Windows-10-10.0.22631-SP0,3.10.15,2.8.1,16,AMD Ryzen 7 5800U with Radeon Graphics,1,1 x NVIDIA GeForce RTX 3050 Ti Laptop GPU,-79.9109,40.4725,15.355525970458984,machine,N,1.0
2024-12-06T20:11:47,codecarbon,05b4c5ec-90ef-463b-b92b-c2c6fed68dd1,5b0fa12a-3dd7-45bb-9766-cc326314d9f1,0.047146899974904954,1.669460081951377e-07,3.540975298142585e-06,7.5,26.996636701509832,5.75832223892212,9.559937498124781e-08,3.2722248399999995e-07,7.425996277952984e-09,4.3024785525920074e-07,United States,USA,pennsylvania,,,Windows-10-10.0.22631-SP0,3.10.15,2.8.1,16,AMD Ryzen 7 5800U with Radeon Graphics,1,1 x NVIDIA GeForce RTX 3050 Ti Laptop GPU,-79.9109,40.4725,15.355525970458984,machine,N,1.0
